[
  {
    "model": "UmamiCore.address",
    "pk": 1,
    "fields": {
      "line1": "3 navy wharf court",
      "line2": "2007",
      "city": "toronto",
      "prov": "ON",
      "postal_code": "m5v3v1",
      "country": "canada",
      "lon": -79.390862,
      "lat": 43.640312,
      "point": "SRID=4326;POINT (-79.390862 43.640312)"
    }
  },
  {
    "model": "UmamiCore.address",
    "pk": 2,
    "fields": {
      "line1": "565 eglinton west",
      "line2": "103",
      "city": "toronto",
      "prov": "ON",
      "postal_code": "M5N1B5",
      "country": "canada",
      "lon": -79.414818,
      "lat": 43.703068,
      "point": "SRID=4326;POINT (-79.414818 43.703068)"
    }
  },
  {
    "model": "UmamiCore.address",
    "pk": 3,
    "fields": {
      "line1": "5650 yonge street",
      "line2": null,
      "city": "toronto",
      "prov": "ON",
      "postal_code": "M2M4G3",
      "country": "canada",
      "lon": -79.416408,
      "lat": 43.780178,
      "point": "SRID=4326;POINT (-79.416408 43.780178)"
    }
  },
  {
    "model": "UmamiCore.address",
    "pk": 4,
    "fields": {
      "line1": "27 King's College Cir",
      "line2": null,
      "city": "toronto",
      "prov": "ON",
      "postal_code": "M5S1A1",
      "country": "canada",
      "lon": -79.395783,
      "lat": 43.660851,
      "point": "SRID=4326;POINT (-79.39578299999999 43.660851)"
    }
  },
  {
    "model": "UmamiCore.dish",
    "pk": 1,
    "fields": {
      "kitchen": 2,
      "name": "Chicken Pad Thai",
      "image": "/test/Phat_Thai_kung_Chang_Khien_street_stall.jpg",
      "description": "Authentic northern thai style Pad Thai with chicken breast, please specify spiciness in the notes!",
      "rating_score": "3.00",
      "rating_votes": 0,
      "active": true,
      "created": "2019-01-06T02:07:19.692Z",
      "ingredients": [
        "rice noodles",
        "sugar",
        "tamarind",
        "chicken",
        "fish sauce"
      ],
      "tags": [
        "thai",
        "authentic"
      ],
      "options": [
        "beef",
        "chicken"
      ]
    }
  },
  {
    "model": "UmamiCore.dish",
    "pk": 2,
    "fields": {
      "kitchen": 2,
      "name": "Jerk Chicken",
      "image": "/test/jerkchicken.jpg",
      "description": "Deliciously marinated then grilled to perfection, recipe from my Auntie!",
      "rating_score": "4.00",
      "rating_votes": 0,
      "active": true,
      "created": "2019-01-06T02:07:19.704Z",
      "ingredients": [
        "pepper",
        "all spice",
        "chicken",
        "scallions",
        "scotch bonnet"
      ],
      "tags": [
        "yum",
        "authentic",
        "hot"
      ],
      "options": [
        "chicken",
        "fish"
      ]
    }
  },
  {
    "model": "UmamiCore.dish",
    "pk": 3,
    "fields": {
      "kitchen": 2,
      "name": "Juicy burger",
      "image": "/test/food-photography-hamburger-fries.jpg",
      "description": "Grilled to perfection! Using AAA Canadian beef, over charcoal grill, topped with delicious toppings",
      "rating_score": "4.50",
      "rating_votes": 0,
      "active": true,
      "created": "2019-01-06T02:07:19.713Z",
      "ingredients": [],
      "tags": [
        "yum",
        "juicy"
      ],
      "options": []
    }
  },
  {
    "model": "UmamiCore.dish",
    "pk": 4,
    "fields": {
      "kitchen": 4,
      "name": "Smoked Ribs",
      "image": "/test/A7VxnynoQOvP7aVyaKw8_beths melt in your mouth barbecue ribs oven 2.jpg",
      "description": "Smoked for 4 hours then brushed with homemade BBQ sauce, limited quantity!",
      "rating_score": "4.50",
      "rating_votes": 0,
      "active": true,
      "created": "2019-01-06T02:07:19.720Z",
      "ingredients": [
        "onions",
        "garlic",
        "ketchup",
        "mustard",
        "pork ribs"
      ],
      "tags": [
        "homemade",
        "lowandslow",
        "smokey"
      ],
      "options": []
    }
  },
  {
    "model": "UmamiCore.dish",
    "pk": 5,
    "fields": {
      "kitchen": 4,
      "name": "Smoked brisket",
      "image": "/test/Franklin-BBQ2.jpg",
      "description": "Smoked for 8 hours with oak, first come first serve!",
      "rating_score": "5.00",
      "rating_votes": 0,
      "active": true,
      "created": "2019-01-06T02:07:19.727Z",
      "ingredients": [
        "salt",
        "beef brisket",
        "pepper"
      ],
      "tags": [
        "lowandslow",
        "smokey"
      ],
      "options": []
    }
  },
  {
    "model": "UmamiCore.dish",
    "pk": 6,
    "fields": {
      "kitchen": 1,
      "name": "Pulled pork sandwich",
      "image": "/test/DG0104H_pulled-pork-sandiwch_s4x3.jpg.rend.hgtvcom.616.462.jpg",
      "description": "slow cooked to perfection!",
      "rating_score": "4.50",
      "rating_votes": 0,
      "active": true,
      "created": "2019-01-06T02:07:19.716Z",
      "ingredients": [],
      "tags": [
        "yum",
        "juicy"
      ],
      "options": []
    }
  },
  {
    "model": "UmamiCore.dish",
    "pk": 7,
    "fields": {
      "kitchen": 3,
      "name": "French Macaroons",
      "image": "/test/macaroons.jpg",
      "description": "Macaroons! Multiple flavours, 12 per order!",
      "rating_score": "3.00",
      "rating_votes": 0,
      "active": true,
      "created": "2019-01-06T02:07:19.733Z",
      "ingredients": [
        "butter",
        "almonds"
      ],
      "tags": [
        "french",
        "macaroons"
      ],
      "options": [
        "vanilla",
        "chocolate",
        "lemon"
      ]
    }
  },
  {
    "model": "UmamiCore.dish",
    "pk": 8,
    "fields": {
      "kitchen": 3,
      "name": "Bolognese tagliatelle",
      "image": "/test/20141204-slow-roasted-bolognese-31.jpg",
      "description": "bolognese tagliatelle, made with San Marzano tomatoes, beef and veal, grandma's recipe",
      "rating_score": "4.00",
      "rating_votes": 0,
      "active": true,
      "created": "2019-01-06T02:07:19.685Z",
      "ingredients": [],
      "tags": [
        "yum",
        "homemade"
      ],
      "options": []
    }
  },
  {
    "model": "UmamiCore.dishoption",
    "pk": "beef",
    "fields": {}
  },
  {
    "model": "UmamiCore.dishoption",
    "pk": "chicken",
    "fields": {}
  },
  {
    "model": "UmamiCore.dishoption",
    "pk": "chocolate",
    "fields": {}
  },
  {
    "model": "UmamiCore.dishoption",
    "pk": "fish",
    "fields": {}
  },
  {
    "model": "UmamiCore.dishoption",
    "pk": "lemon",
    "fields": {}
  },
  {
    "model": "UmamiCore.dishoption",
    "pk": "strawberry",
    "fields": {}
  },
  {
    "model": "UmamiCore.dishoption",
    "pk": "vanilla",
    "fields": {}
  },
  {
    "model": "UmamiCore.ingredient",
    "pk": "all spice",
    "fields": {}
  },
  {
    "model": "UmamiCore.ingredient",
    "pk": "almonds",
    "fields": {}
  },
  {
    "model": "UmamiCore.ingredient",
    "pk": "beef brisket",
    "fields": {}
  },
  {
    "model": "UmamiCore.ingredient",
    "pk": "butter",
    "fields": {}
  },
  {
    "model": "UmamiCore.ingredient",
    "pk": "chicken",
    "fields": {}
  },
  {
    "model": "UmamiCore.ingredient",
    "pk": "cilantro",
    "fields": {}
  },
  {
    "model": "UmamiCore.ingredient",
    "pk": "fish sauce",
    "fields": {}
  },
  {
    "model": "UmamiCore.ingredient",
    "pk": "garlic",
    "fields": {}
  },
  {
    "model": "UmamiCore.ingredient",
    "pk": "ketchup",
    "fields": {}
  },
  {
    "model": "UmamiCore.ingredient",
    "pk": "mustard",
    "fields": {}
  },
  {
    "model": "UmamiCore.ingredient",
    "pk": "onions",
    "fields": {}
  },
  {
    "model": "UmamiCore.ingredient",
    "pk": "pepper",
    "fields": {}
  },
  {
    "model": "UmamiCore.ingredient",
    "pk": "pork ribs",
    "fields": {}
  },
  {
    "model": "UmamiCore.ingredient",
    "pk": "rice noodles",
    "fields": {}
  },
  {
    "model": "UmamiCore.ingredient",
    "pk": "salt",
    "fields": {}
  },
  {
    "model": "UmamiCore.ingredient",
    "pk": "scallions",
    "fields": {}
  },
  {
    "model": "UmamiCore.ingredient",
    "pk": "scotch bonnet",
    "fields": {}
  },
  {
    "model": "UmamiCore.ingredient",
    "pk": "sugar",
    "fields": {}
  },
  {
    "model": "UmamiCore.ingredient",
    "pk": "tamarind",
    "fields": {}
  },
  {
    "model": "UmamiCore.kitchenprofile",
    "pk": 1,
    "fields": {
      "title": "Seb's kitchen",
      "bio": "Scottish by birth, I was brought up in Stratford-upon-Avon, England, and initially aspired to be a professional footballer. However, when an injury prematurely put an end to any hopes of a promising career on the pitch, Ramsay went back to college to complete a course in hotel management. His dedication and natural talent led him to train with some of the world\u2019s leading chefs, including Albert Roux and Marco Pierre White in London, and Guy Savoy and Jo\u00ebl Robuchon in France.",
      "style": "Canadian, Mexican",
      "name": "ferguson123",
      "logo_image": "/test/tim-profile-pic-round.png",
      "banner_image0": "/test/101145754_p.jpg",
      "banner_image1": "",
      "banner_image2": "",
      "banner_image3": "",
      "banner_image4": "",
      "rating_score": 4.5,
      "rating_votes": 99
    }
  },
  {
    "model": "UmamiCore.kitchenprofile",
    "pk": 2,
    "fields": {
      "title": "Bianca's kitchen",
      "bio": "Growing up in Essex, where my parents run their own highly respected pub/restaurant in Clavering, I was frequently found helping in the kitchen. At 16, I left school to complete his training at Westminster Catering College. After spending time working in France and at Antonio Carluccio\u2019s Neal Street Restaurant in London, I joined the acclaimed River Caf\u00e9, where I worked for three and a half years alongside Rose Gray and Ruth Rogers.",
      "style": "Thai, Chinese",
      "name": "Bianca429",
      "logo_image": "/test/BiancaProfileRound-540x540.png",
      "banner_image0": "/test/101145754_p.jpg",
      "banner_image1": "",
      "banner_image2": "",
      "banner_image3": "",
      "banner_image4": "",
      "rating_score": 4.0,
      "rating_votes": 7
    }
  },
  {
    "model": "UmamiCore.kitchenprofile",
    "pk": 3,
    "fields": {
      "title": "Master Chef Zone",
      "bio": "I grew up in the Mad Men era. I watched my family, my neighbours and my parents' friends live a similar story arc \u2013 struggling with rapidly changing social mores, the Vietnam war. I was born in New York City but grew up in New Jersey. My dad worked two jobs as a salesman in Willoughby's camera store in New York and as a floor manager at a record store. Later, he scored a nice gig at Columbia Records. We were a pretty typical suburban family in most ways. I was a reader. I lived in a house filled with good books. Both parents loved good movies \u2013 this was important.",
      "style": "Italian, pastries",
      "name": "MasterChef11",
      "logo_image": "/test/round-profile.png",
      "banner_image0": "/test/101145754_p.jpg",
      "banner_image1": "",
      "banner_image2": "",
      "banner_image3": "",
      "banner_image4": "",
      "rating_score": 5.0,
      "rating_votes": 12345
    }
  },
  {
    "model": "UmamiCore.kitchenprofile",
    "pk": 4,
    "fields": {
      "title": "The holy land",
      "bio": "In Abrahamic religions, the Messiah, is the one chosen to lead the world and thereby save it. The term also appears in the forms Messias, Christ, or Al-Masih",
      "style": "Comfort food",
      "name": "TheMessiah",
      "logo_image": "/test/round-profile-300x300.png",
      "banner_image0": "/test/101145754_p.jpg",
      "banner_image1": "",
      "banner_image2": "",
      "banner_image3": "",
      "banner_image4": "",
      "rating_score": 4.0,
      "rating_votes": 1
    }
  },
  {
    "model": "UmamiCore.kitchenverification",
    "pk": 1,
    "fields": {
      "kitchen": 1,
      "address": 2,
      "date_verified": "2013-03-18T13:19:37Z",
      "date_expires": "2100-03-18T13:19:37Z",
      "documentation": "This has been verified by the cool guy gang."
    }
  },
  {
    "model": "UmamiCore.kitchenverification",
    "pk": 2,
    "fields": {
      "kitchen": 2,
      "address": 1,
      "date_verified": "2013-03-18T13:19:37Z",
      "date_expires": "2100-03-18T13:19:37Z",
      "documentation": "This has been verified by the cool guy gang."
    }
  },
  {
    "model": "UmamiCore.kitchenverification",
    "pk": 3,
    "fields": {
      "kitchen": 3,
      "address": 3,
      "date_verified": "2013-03-18T13:19:37Z",
      "date_expires": "2100-03-18T13:19:37Z",
      "documentation": "This has been verified by the cool guy gang."
    }
  },
  {
    "model": "UmamiCore.kitchenverification",
    "pk": 4,
    "fields": {
      "kitchen": 4,
      "address": 4,
      "date_verified": "2013-03-18T13:19:37Z",
      "date_expires": "2100-03-18T13:19:37Z",
      "documentation": "This has been verified by the cool guy gang."
    }
  },
  {
    "model": "UmamiCore.offerextra",
    "pk": 1,
    "fields": {
      "offer": 1,
      "name": "double jerk sauce",
      "price_currency": "USD",
      "price": "1.9900"
    }
  },
  {
    "model": "UmamiCore.offerextra",
    "pk": 2,
    "fields": {
      "offer": 1,
      "name": "rice",
      "price_currency": "USD",
      "price": "2.2500"
    }
  },
  {
    "model": "UmamiCore.offer",
    "pk": 1,
    "fields": {
      "name": "",
      "price_currency": "USD",
      "price": "6.5500",
      "available": 4,
      "date_created": "2019-01-06T02:07:19.742Z",
      "ready_by": "2020-07-07T13:45:51.440Z",
      "end_by": "2020-07-07T13:45:51.440Z",
      "can_pickup": true,
      "can_deliver": false,
      "dishes": [
        1
      ]
    }
  },
  {
    "model": "UmamiCore.offer",
    "pk": 2,
    "fields": {
      "name": "",
      "price_currency": "USD",
      "price": "7.0000",
      "available": 6,
      "date_created": "2019-01-06T02:07:19.750Z",
      "ready_by": "2020-07-07T13:45:51.440Z",
      "end_by": "2020-07-07T13:45:51.440Z",
      "can_pickup": true,
      "can_deliver": true,
      "dishes": [
        2
      ]
    }
  },
  {
    "model": "UmamiCore.offer",
    "pk": 3,
    "fields": {
      "name": "",
      "price_currency": "USD",
      "price": "10.0000",
      "available": 6,
      "date_created": "2019-01-06T02:07:19.756Z",
      "ready_by": "2020-07-07T13:45:51.440Z",
      "end_by": "2020-07-07T13:45:51.440Z",
      "can_pickup": false,
      "can_deliver": true,
      "dishes": [
        3
      ]
    }
  },
  {
    "model": "UmamiCore.offer",
    "pk": 4,
    "fields": {
      "name": "",
      "price_currency": "USD",
      "price": "10.0000",
      "available": 6,
      "date_created": "2019-01-06T02:07:19.760Z",
      "ready_by": "2020-07-07T13:45:51.440Z",
      "end_by": "2020-07-07T13:45:51.440Z",
      "can_pickup": false,
      "can_deliver": true,
      "dishes": [
        4
      ]
    }
  },
  {
    "model": "UmamiCore.offer",
    "pk": 5,
    "fields": {
      "name": "",
      "price_currency": "USD",
      "price": "11.0000",
      "available": 2,
      "date_created": "2019-01-06T02:07:19.764Z",
      "ready_by": "2020-07-06T13:45:51.440Z",
      "end_by": "2020-07-06T13:45:51.440Z",
      "can_pickup": false,
      "can_deliver": true,
      "dishes": [
        5
      ]
    }
  },
  {
    "model": "UmamiCore.offer",
    "pk": 6,
    "fields": {
      "name": "",
      "price_currency": "USD",
      "price": "14.0000",
      "available": 6,
      "date_created": "2019-01-06T02:07:19.768Z",
      "ready_by": "2020-07-06T13:45:51.440Z",
      "end_by": "2020-07-06T13:45:51.440Z",
      "can_pickup": true,
      "can_deliver": true,
      "dishes": [
        6
      ]
    }
  },
  {
    "model": "UmamiCore.offer",
    "pk": 7,
    "fields": {
      "name": "",
      "price_currency": "USD",
      "price": "12.5000",
      "available": 6,
      "date_created": "2019-01-06T02:07:19.771Z",
      "ready_by": "2020-07-06T13:45:51.440Z",
      "end_by": "2020-07-06T13:45:51.440Z",
      "can_pickup": false,
      "can_deliver": true,
      "dishes": [
        7
      ]
    }
  },
  {
    "model": "UmamiCore.offer",
    "pk": 8,
    "fields": {
      "name": "",
      "price_currency": "USD",
      "price": "12.5000",
      "available": 6,
      "date_created": "2019-01-06T02:07:19.775Z",
      "ready_by": "2020-07-06T13:45:51.440Z",
      "end_by": "2020-07-06T13:45:51.440Z",
      "can_pickup": false,
      "can_deliver": true,
      "dishes": [
        8
      ]
    }
  },
  {
    "model": "UmamiCore.offer",
    "pk": 9,
    "fields": {
      "name": "Exam week special!",
      "price_currency": "USD",
      "price": "12.5000",
      "available": 6,
      "date_created": "2019-01-06T02:07:19.779Z",
      "ready_by": "2020-07-06T13:45:51.440Z",
      "end_by": "2020-07-06T13:45:51.440Z",
      "can_pickup": false,
      "can_deliver": true,
      "dishes": [
        1,
        2,
        3
      ]
    }
  },
  {
    "model": "UmamiCore.orderitem",
    "pk": 1,
    "fields": {
      "order": 1,
      "offer": 1,
      "quantity": 2
    }
  },
  {
    "model": "UmamiCore.orderitem",
    "pk": 2,
    "fields": {
      "order": 2,
      "offer": 2,
      "quantity": 1
    }
  },
  {
    "model": "UmamiCore.orderitem",
    "pk": 3,
    "fields": {
      "order": 1,
      "offer": 2,
      "quantity": 1
    }
  },
  {
    "model": "UmamiCore.order",
    "pk": 1,
    "fields": {
      "uuid": "0f8d0fa3",
      "user_email": "cooleric11@gmail.com",
      "user_phone": "+14088963638",
      "user_fullname": "eric wang",
      "to_address": 1,
      "kitchen": 1,
      "chef_fullname": "seb ferg",
      "chef_email": "seb@hotmail.com",
      "chef_phone": "+15446465665",
      "from_address": 2,
      "timestamp": "2019-01-06T02:19:29Z",
      "delivery": false,
      "delivery_price_currency": "USD",
      "delivery_price": "0.0000",
      "notes": null,
      "total_currency": "USD",
      "total": "13.0000"
    }
  },
  {
    "model": "UmamiCore.order",
    "pk": 2,
    "fields": {
      "uuid": "mruysqja",
      "user_email": "cooleric11@gmail.com",
      "user_phone": "+14088963638",
      "user_fullname": "eric wang",
      "to_address": 1,
      "kitchen": 1,
      "chef_fullname": "sebastian ferguson",
      "chef_email": "seb@hotmail.com",
      "chef_phone": "+14165009596",
      "from_address": 2,
      "timestamp": "2019-01-06T09:01:32Z",
      "delivery": true,
      "delivery_price_currency": "USD",
      "delivery_price": "2.0000",
      "notes": null,
      "total_currency": "USD",
      "total": "7.0000"
    }
  },
  {
    "model": "UmamiCore.tag",
    "pk": "authentic",
    "fields": {}
  },
  {
    "model": "UmamiCore.tag",
    "pk": "french",
    "fields": {}
  },
  {
    "model": "UmamiCore.tag",
    "pk": "great",
    "fields": {}
  },
  {
    "model": "UmamiCore.tag",
    "pk": "homemade",
    "fields": {}
  },
  {
    "model": "UmamiCore.tag",
    "pk": "hot",
    "fields": {}
  },
  {
    "model": "UmamiCore.tag",
    "pk": "juicy",
    "fields": {}
  },
  {
    "model": "UmamiCore.tag",
    "pk": "lowandslow",
    "fields": {}
  },
  {
    "model": "UmamiCore.tag",
    "pk": "macaroons",
    "fields": {}
  },
  {
    "model": "UmamiCore.tag",
    "pk": "smokey",
    "fields": {}
  },
  {
    "model": "UmamiCore.tag",
    "pk": "thai",
    "fields": {}
  },
  {
    "model": "UmamiCore.tag",
    "pk": "yum",
    "fields": {}
  },
  {
    "model": "UmamiCore.user",
    "pk": "cooleric11@gmail.com",
    "fields": {
      "password": "pbkdf2_sha256$120000$ob3b3BboOLzI$JY031ujjcPM8FRVB1ZAqwvfKM120EGaFV+QXlcpS61I=",
      "last_login": "2019-01-06T02:44:57.544Z",
      "first_name": "eric",
      "last_name": "wang",
      "phone": "+14088963638",
      "date_joined": "2019-01-06T02:08:01.570Z",
      "is_active": true,
      "is_admin": true,
      "last_used_address": null
    }
  },
  {
    "model": "UmamiCore.user",
    "pk": "cooleric@hotmail.com",
    "fields": {
      "password": "pbkdf2_sha256$120000$6VY2Orj1YdsQ$XBVO6lFUdoE5c13CZzRpBTBQ52YwhxAVBzMHf03/dY8=",
      "last_login": null,
      "first_name": "eric",
      "last_name": "wang",
      "phone": "+14165009696",
      "date_joined": "2019-01-06T02:07:19.636Z",
      "is_active": true,
      "is_admin": false,
      "last_used_address": 1
    }
  },
  {
    "model": "UmamiCore.user",
    "pk": "lt@gmail.com",
    "fields": {
      "password": "pbkdf2_sha256$120000$6VY2Orj1YdsQ$XBVO6lFUdoE5c13CZzRpBTBQ52YwhxAVBzMHf03/dY8=",
      "last_login": null,
      "first_name": "lucas",
      "last_name": "tester",
      "phone": "+14932842284",
      "date_joined": "2019-01-06T02:07:19.643Z",
      "is_active": true,
      "is_admin": false,
      "last_used_address": null
    }
  },
  {
    "model": "UmamiCore.user",
    "pk": "rl@hotmail.com",
    "fields": {
      "password": "pbkdf2_sha256$120000$6VY2Orj1YdsQ$XBVO6lFUdoE5c13CZzRpBTBQ52YwhxAVBzMHf03/dY8=",
      "last_login": null,
      "first_name": "rebecca",
      "last_name": "lanthier",
      "phone": "+141658385839",
      "date_joined": "2019-01-06T02:07:19.642Z",
      "is_active": true,
      "is_admin": false,
      "last_used_address": null
    }
  },
  {
    "model": "UmamiCore.user",
    "pk": "seb@hotmail.com",
    "fields": {
      "password": "pbkdf2_sha256$120000$6VY2Orj1YdsQ$XBVO6lFUdoE5c13CZzRpBTBQ52YwhxAVBzMHf03/dY8=",
      "last_login": null,
      "first_name": "sebastian",
      "last_name": "ferguson",
      "phone": "+15446465665",
      "date_joined": "2019-01-06T02:07:19.640Z",
      "is_active": true,
      "is_admin": false,
      "last_used_address": null
    }
  },
  {
    "model": "contenttypes.contenttype",
    "pk": 1,
    "fields": {
      "app_label": "UmamiCore",
      "model": "address"
    }
  },
  {
    "model": "contenttypes.contenttype",
    "pk": 2,
    "fields": {
      "app_label": "UmamiCore",
      "model": "dish"
    }
  },
  {
    "model": "contenttypes.contenttype",
    "pk": 3,
    "fields": {
      "app_label": "UmamiCore",
      "model": "dishoption"
    }
  },
  {
    "model": "contenttypes.contenttype",
    "pk": 4,
    "fields": {
      "app_label": "UmamiCore",
      "model": "dishreview"
    }
  },
  {
    "model": "contenttypes.contenttype",
    "pk": 5,
    "fields": {
      "app_label": "UmamiCore",
      "model": "ingredient"
    }
  },
  {
    "model": "contenttypes.contenttype",
    "pk": 6,
    "fields": {
      "app_label": "UmamiCore",
      "model": "kitchen"
    }
  },
  {
    "model": "contenttypes.contenttype",
    "pk": 7,
    "fields": {
      "app_label": "UmamiCore",
      "model": "kitchenfollower"
    }
  },
  {
    "model": "contenttypes.contenttype",
    "pk": 8,
    "fields": {
      "app_label": "UmamiCore",
      "model": "kitchenverification"
    }
  },
  {
    "model": "contenttypes.contenttype",
    "pk": 9,
    "fields": {
      "app_label": "UmamiCore",
      "model": "order"
    }
  },
  {
    "model": "contenttypes.contenttype",
    "pk": 10,
    "fields": {
      "app_label": "UmamiCore",
      "model": "orderitem"
    }
  },
  {
    "model": "contenttypes.contenttype",
    "pk": 11,
    "fields": {
      "app_label": "UmamiCore",
      "model": "tag"
    }
  },
  {
    "model": "contenttypes.contenttype",
    "pk": 12,
    "fields": {
      "app_label": "UmamiCore",
      "model": "user"
    }
  },
  {
    "model": "contenttypes.contenttype",
    "pk": 13,
    "fields": {
      "app_label": "UmamiCore",
      "model": "kitchenprofile"
    }
  },
  {
    "model": "contenttypes.contenttype",
    "pk": 14,
    "fields": {
      "app_label": "UmamiCore",
      "model": "kitchensettings"
    }
  },
  {
    "model": "contenttypes.contenttype",
    "pk": 15,
    "fields": {
      "app_label": "UmamiCore",
      "model": "offer"
    }
  },
  {
    "model": "contenttypes.contenttype",
    "pk": 16,
    "fields": {
      "app_label": "UmamiCore",
      "model": "offerextra"
    }
  },
  {
    "model": "contenttypes.contenttype",
    "pk": 17,
    "fields": {
      "app_label": "UmamiCore",
      "model": "orderitemextra"
    }
  },
  {
    "model": "contenttypes.contenttype",
    "pk": 18,
    "fields": {
      "app_label": "UmamiCore",
      "model": "orderitemoption"
    }
  },
  {
    "model": "contenttypes.contenttype",
    "pk": 19,
    "fields": {
      "app_label": "admin",
      "model": "logentry"
    }
  },
  {
    "model": "contenttypes.contenttype",
    "pk": 20,
    "fields": {
      "app_label": "auth",
      "model": "permission"
    }
  },
  {
    "model": "contenttypes.contenttype",
    "pk": 21,
    "fields": {
      "app_label": "auth",
      "model": "group"
    }
  },
  {
    "model": "contenttypes.contenttype",
    "pk": 22,
    "fields": {
      "app_label": "contenttypes",
      "model": "contenttype"
    }
  },
  {
    "model": "contenttypes.contenttype",
    "pk": 23,
    "fields": {
      "app_label": "sessions",
      "model": "session"
    }
  },
  {
    "model": "contenttypes.contenttype",
    "pk": 24,
    "fields": {
      "app_label": "sites",
      "model": "site"
    }
  },
  {
    "model": "contenttypes.contenttype",
    "pk": 25,
    "fields": {
      "app_label": "authtoken",
      "model": "token"
    }
  },
  {
    "model": "contenttypes.contenttype",
    "pk": 26,
    "fields": {
      "app_label": "account",
      "model": "emailaddress"
    }
  },
  {
    "model": "contenttypes.contenttype",
    "pk": 27,
    "fields": {
      "app_label": "account",
      "model": "emailconfirmation"
    }
  },
  {
    "model": "contenttypes.contenttype",
    "pk": 28,
    "fields": {
      "app_label": "socialaccount",
      "model": "socialaccount"
    }
  },
  {
    "model": "contenttypes.contenttype",
    "pk": 29,
    "fields": {
      "app_label": "socialaccount",
      "model": "socialapp"
    }
  },
  {
    "model": "contenttypes.contenttype",
    "pk": 30,
    "fields": {
      "app_label": "socialaccount",
      "model": "socialtoken"
    }
  },
  {
    "model": "sessions.session",
    "pk": "2uimzhsuoufwmws61ui9fsxwrsvzf2ba",
    "fields": {
      "session_data": "NDg0YTY5NjMwZDAwZjA1YWJiM2FkM2ZmZmNlZGU2ZDlmNzQ5M2MyNzp7Il9hdXRoX3VzZXJfaWQiOiJjb29sZXJpYzExQGdtYWlsLmNvbSIsIl9hdXRoX3VzZXJfYmFja2VuZCI6ImRqYW5nby5jb250cmliLmF1dGguYmFja2VuZHMuTW9kZWxCYWNrZW5kIiwiX2F1dGhfdXNlcl9oYXNoIjoiMDY4NTZhMTBhNGJkZWQ1YmNhNjhkNjRhM2Y0YWY3MTE1YjhjYmIzZSJ9",
      "expire_date": "2019-01-17T16:31:37.548Z"
    }
  },
  {
    "model": "sessions.session",
    "pk": "36fd950cglj3xl6r9bzazrd6rc1mwer5",
    "fields": {
      "session_data": "NDg0YTY5NjMwZDAwZjA1YWJiM2FkM2ZmZmNlZGU2ZDlmNzQ5M2MyNzp7Il9hdXRoX3VzZXJfaWQiOiJjb29sZXJpYzExQGdtYWlsLmNvbSIsIl9hdXRoX3VzZXJfYmFja2VuZCI6ImRqYW5nby5jb250cmliLmF1dGguYmFja2VuZHMuTW9kZWxCYWNrZW5kIiwiX2F1dGhfdXNlcl9oYXNoIjoiMDY4NTZhMTBhNGJkZWQ1YmNhNjhkNjRhM2Y0YWY3MTE1YjhjYmIzZSJ9",
      "expire_date": "2019-01-06T02:14:50.459Z"
    }
  },
  {
    "model": "sessions.session",
    "pk": "3n53wm1b0fgc6714flczrswjog25m2pa",
    "fields": {
      "session_data": "NDg0YTY5NjMwZDAwZjA1YWJiM2FkM2ZmZmNlZGU2ZDlmNzQ5M2MyNzp7Il9hdXRoX3VzZXJfaWQiOiJjb29sZXJpYzExQGdtYWlsLmNvbSIsIl9hdXRoX3VzZXJfYmFja2VuZCI6ImRqYW5nby5jb250cmliLmF1dGguYmFja2VuZHMuTW9kZWxCYWNrZW5kIiwiX2F1dGhfdXNlcl9oYXNoIjoiMDY4NTZhMTBhNGJkZWQ1YmNhNjhkNjRhM2Y0YWY3MTE1YjhjYmIzZSJ9",
      "expire_date": "2019-01-17T16:05:50.799Z"
    }
  },
  {
    "model": "sessions.session",
    "pk": "7khga0mjm8brqyzduqkw31zfvryrdbps",
    "fields": {
      "session_data": "NDg0YTY5NjMwZDAwZjA1YWJiM2FkM2ZmZmNlZGU2ZDlmNzQ5M2MyNzp7Il9hdXRoX3VzZXJfaWQiOiJjb29sZXJpYzExQGdtYWlsLmNvbSIsIl9hdXRoX3VzZXJfYmFja2VuZCI6ImRqYW5nby5jb250cmliLmF1dGguYmFja2VuZHMuTW9kZWxCYWNrZW5kIiwiX2F1dGhfdXNlcl9oYXNoIjoiMDY4NTZhMTBhNGJkZWQ1YmNhNjhkNjRhM2Y0YWY3MTE1YjhjYmIzZSJ9",
      "expire_date": "2019-01-06T02:18:09.983Z"
    }
  },
  {
    "model": "sessions.session",
    "pk": "cyk4s1ph30b1de4cjms6bct1whq6c7z6",
    "fields": {
      "session_data": "NDg0YTY5NjMwZDAwZjA1YWJiM2FkM2ZmZmNlZGU2ZDlmNzQ5M2MyNzp7Il9hdXRoX3VzZXJfaWQiOiJjb29sZXJpYzExQGdtYWlsLmNvbSIsIl9hdXRoX3VzZXJfYmFja2VuZCI6ImRqYW5nby5jb250cmliLmF1dGguYmFja2VuZHMuTW9kZWxCYWNrZW5kIiwiX2F1dGhfdXNlcl9oYXNoIjoiMDY4NTZhMTBhNGJkZWQ1YmNhNjhkNjRhM2Y0YWY3MTE1YjhjYmIzZSJ9",
      "expire_date": "2019-01-06T02:08:38.816Z"
    }
  },
  {
    "model": "sessions.session",
    "pk": "djhxspbsz6cqh9ada7brv0nfms0a2yyh",
    "fields": {
      "session_data": "NDg0YTY5NjMwZDAwZjA1YWJiM2FkM2ZmZmNlZGU2ZDlmNzQ5M2MyNzp7Il9hdXRoX3VzZXJfaWQiOiJjb29sZXJpYzExQGdtYWlsLmNvbSIsIl9hdXRoX3VzZXJfYmFja2VuZCI6ImRqYW5nby5jb250cmliLmF1dGguYmFja2VuZHMuTW9kZWxCYWNrZW5kIiwiX2F1dGhfdXNlcl9oYXNoIjoiMDY4NTZhMTBhNGJkZWQ1YmNhNjhkNjRhM2Y0YWY3MTE1YjhjYmIzZSJ9",
      "expire_date": "2019-01-06T02:17:08.317Z"
    }
  },
  {
    "model": "sessions.session",
    "pk": "z0plbb2mw8xmv4t7l6diy3v573olhw14",
    "fields": {
      "session_data": "NDg0YTY5NjMwZDAwZjA1YWJiM2FkM2ZmZmNlZGU2ZDlmNzQ5M2MyNzp7Il9hdXRoX3VzZXJfaWQiOiJjb29sZXJpYzExQGdtYWlsLmNvbSIsIl9hdXRoX3VzZXJfYmFja2VuZCI6ImRqYW5nby5jb250cmliLmF1dGguYmFja2VuZHMuTW9kZWxCYWNrZW5kIiwiX2F1dGhfdXNlcl9oYXNoIjoiMDY4NTZhMTBhNGJkZWQ1YmNhNjhkNjRhM2Y0YWY3MTE1YjhjYmIzZSJ9",
      "expire_date": "2019-01-06T02:14:12.874Z"
    }
  },
  {
    "model": "sessions.session",
    "pk": "zp9jzjnjau2l611d481c39zokxtzhl6p",
    "fields": {
      "session_data": "NDg0YTY5NjMwZDAwZjA1YWJiM2FkM2ZmZmNlZGU2ZDlmNzQ5M2MyNzp7Il9hdXRoX3VzZXJfaWQiOiJjb29sZXJpYzExQGdtYWlsLmNvbSIsIl9hdXRoX3VzZXJfYmFja2VuZCI6ImRqYW5nby5jb250cmliLmF1dGguYmFja2VuZHMuTW9kZWxCYWNrZW5kIiwiX2F1dGhfdXNlcl9oYXNoIjoiMDY4NTZhMTBhNGJkZWQ1YmNhNjhkNjRhM2Y0YWY3MTE1YjhjYmIzZSJ9",
      "expire_date": "2019-01-06T02:09:44.851Z"
    }
  },
  {
    "model": "sites.site",
    "pk": 1,
    "fields": {
      "domain": "127.0.0.1",
      "name": "Umami"
    }
  },
  {
    "model": "authtoken.token",
    "pk": "85f25fa3aca89f31b272e14bfeb6d19379eda547",
    "fields": {
      "user": "cooleric11@gmail.com",
      "created": "2019-01-06T02:44:57.533Z"
    }
  },
  {
    "model": "account.emailaddress",
    "pk": 1,
    "fields": {
      "user": "cooleric11@gmail.com",
      "email": "cooleric11@gmail.com",
      "verified": true,
      "primary": false
    }
  },
  {
    "model": "socialaccount.socialapp",
    "pk": 1,
    "fields": {
      "provider": "facebook",
      "name": "facebook",
      "client_id": "1753559988249358",
      "secret": "2ccf6da68084c8035d3a48f8ab6fc8aa",
      "key": "",
      "sites": [
        1
      ]
    }
  },
  {
    "model": "auth.permission",
    "pk": 1,
    "fields": {
      "name": "Can add address",
      "content_type": 1,
      "codename": "add_address"
    }
  },
  {
    "model": "auth.permission",
    "pk": 2,
    "fields": {
      "name": "Can change address",
      "content_type": 1,
      "codename": "change_address"
    }
  },
  {
    "model": "auth.permission",
    "pk": 3,
    "fields": {
      "name": "Can delete address",
      "content_type": 1,
      "codename": "delete_address"
    }
  },
  {
    "model": "auth.permission",
    "pk": 4,
    "fields": {
      "name": "Can view address",
      "content_type": 1,
      "codename": "view_address"
    }
  },
  {
    "model": "auth.permission",
    "pk": 5,
    "fields": {
      "name": "Can add dish",
      "content_type": 2,
      "codename": "add_dish"
    }
  },
  {
    "model": "auth.permission",
    "pk": 6,
    "fields": {
      "name": "Can change dish",
      "content_type": 2,
      "codename": "change_dish"
    }
  },
  {
    "model": "auth.permission",
    "pk": 7,
    "fields": {
      "name": "Can delete dish",
      "content_type": 2,
      "codename": "delete_dish"
    }
  },
  {
    "model": "auth.permission",
    "pk": 8,
    "fields": {
      "name": "Can view dish",
      "content_type": 2,
      "codename": "view_dish"
    }
  },
  {
    "model": "auth.permission",
    "pk": 9,
    "fields": {
      "name": "Can add dish option",
      "content_type": 3,
      "codename": "add_dishoption"
    }
  },
  {
    "model": "auth.permission",
    "pk": 10,
    "fields": {
      "name": "Can change dish option",
      "content_type": 3,
      "codename": "change_dishoption"
    }
  },
  {
    "model": "auth.permission",
    "pk": 11,
    "fields": {
      "name": "Can delete dish option",
      "content_type": 3,
      "codename": "delete_dishoption"
    }
  },
  {
    "model": "auth.permission",
    "pk": 12,
    "fields": {
      "name": "Can view dish option",
      "content_type": 3,
      "codename": "view_dishoption"
    }
  },
  {
    "model": "auth.permission",
    "pk": 13,
    "fields": {
      "name": "Can add dish review",
      "content_type": 4,
      "codename": "add_dishreview"
    }
  },
  {
    "model": "auth.permission",
    "pk": 14,
    "fields": {
      "name": "Can change dish review",
      "content_type": 4,
      "codename": "change_dishreview"
    }
  },
  {
    "model": "auth.permission",
    "pk": 15,
    "fields": {
      "name": "Can delete dish review",
      "content_type": 4,
      "codename": "delete_dishreview"
    }
  },
  {
    "model": "auth.permission",
    "pk": 16,
    "fields": {
      "name": "Can view dish review",
      "content_type": 4,
      "codename": "view_dishreview"
    }
  },
  {
    "model": "auth.permission",
    "pk": 17,
    "fields": {
      "name": "Can add ingredient",
      "content_type": 5,
      "codename": "add_ingredient"
    }
  },
  {
    "model": "auth.permission",
    "pk": 18,
    "fields": {
      "name": "Can change ingredient",
      "content_type": 5,
      "codename": "change_ingredient"
    }
  },
  {
    "model": "auth.permission",
    "pk": 19,
    "fields": {
      "name": "Can delete ingredient",
      "content_type": 5,
      "codename": "delete_ingredient"
    }
  },
  {
    "model": "auth.permission",
    "pk": 20,
    "fields": {
      "name": "Can view ingredient",
      "content_type": 5,
      "codename": "view_ingredient"
    }
  },
  {
    "model": "auth.permission",
    "pk": 21,
    "fields": {
      "name": "Can add kitchen",
      "content_type": 6,
      "codename": "add_kitchen"
    }
  },
  {
    "model": "auth.permission",
    "pk": 22,
    "fields": {
      "name": "Can change kitchen",
      "content_type": 6,
      "codename": "change_kitchen"
    }
  },
  {
    "model": "auth.permission",
    "pk": 23,
    "fields": {
      "name": "Can delete kitchen",
      "content_type": 6,
      "codename": "delete_kitchen"
    }
  },
  {
    "model": "auth.permission",
    "pk": 24,
    "fields": {
      "name": "Can view kitchen",
      "content_type": 6,
      "codename": "view_kitchen"
    }
  },
  {
    "model": "auth.permission",
    "pk": 25,
    "fields": {
      "name": "Can add kitchen follower",
      "content_type": 7,
      "codename": "add_kitchenfollower"
    }
  },
  {
    "model": "auth.permission",
    "pk": 26,
    "fields": {
      "name": "Can change kitchen follower",
      "content_type": 7,
      "codename": "change_kitchenfollower"
    }
  },
  {
    "model": "auth.permission",
    "pk": 27,
    "fields": {
      "name": "Can delete kitchen follower",
      "content_type": 7,
      "codename": "delete_kitchenfollower"
    }
  },
  {
    "model": "auth.permission",
    "pk": 28,
    "fields": {
      "name": "Can view kitchen follower",
      "content_type": 7,
      "codename": "view_kitchenfollower"
    }
  },
  {
    "model": "auth.permission",
    "pk": 29,
    "fields": {
      "name": "Can add kitchen verification",
      "content_type": 8,
      "codename": "add_kitchenverification"
    }
  },
  {
    "model": "auth.permission",
    "pk": 30,
    "fields": {
      "name": "Can change kitchen verification",
      "content_type": 8,
      "codename": "change_kitchenverification"
    }
  },
  {
    "model": "auth.permission",
    "pk": 31,
    "fields": {
      "name": "Can delete kitchen verification",
      "content_type": 8,
      "codename": "delete_kitchenverification"
    }
  },
  {
    "model": "auth.permission",
    "pk": 32,
    "fields": {
      "name": "Can view kitchen verification",
      "content_type": 8,
      "codename": "view_kitchenverification"
    }
  },
  {
    "model": "auth.permission",
    "pk": 33,
    "fields": {
      "name": "Can add order",
      "content_type": 9,
      "codename": "add_order"
    }
  },
  {
    "model": "auth.permission",
    "pk": 34,
    "fields": {
      "name": "Can change order",
      "content_type": 9,
      "codename": "change_order"
    }
  },
  {
    "model": "auth.permission",
    "pk": 35,
    "fields": {
      "name": "Can delete order",
      "content_type": 9,
      "codename": "delete_order"
    }
  },
  {
    "model": "auth.permission",
    "pk": 36,
    "fields": {
      "name": "Can view order",
      "content_type": 9,
      "codename": "view_order"
    }
  },
  {
    "model": "auth.permission",
    "pk": 37,
    "fields": {
      "name": "Can add order item",
      "content_type": 10,
      "codename": "add_orderitem"
    }
  },
  {
    "model": "auth.permission",
    "pk": 38,
    "fields": {
      "name": "Can change order item",
      "content_type": 10,
      "codename": "change_orderitem"
    }
  },
  {
    "model": "auth.permission",
    "pk": 39,
    "fields": {
      "name": "Can delete order item",
      "content_type": 10,
      "codename": "delete_orderitem"
    }
  },
  {
    "model": "auth.permission",
    "pk": 40,
    "fields": {
      "name": "Can view order item",
      "content_type": 10,
      "codename": "view_orderitem"
    }
  },
  {
    "model": "auth.permission",
    "pk": 41,
    "fields": {
      "name": "Can add tag",
      "content_type": 11,
      "codename": "add_tag"
    }
  },
  {
    "model": "auth.permission",
    "pk": 42,
    "fields": {
      "name": "Can change tag",
      "content_type": 11,
      "codename": "change_tag"
    }
  },
  {
    "model": "auth.permission",
    "pk": 43,
    "fields": {
      "name": "Can delete tag",
      "content_type": 11,
      "codename": "delete_tag"
    }
  },
  {
    "model": "auth.permission",
    "pk": 44,
    "fields": {
      "name": "Can view tag",
      "content_type": 11,
      "codename": "view_tag"
    }
  },
  {
    "model": "auth.permission",
    "pk": 45,
    "fields": {
      "name": "Can add user",
      "content_type": 12,
      "codename": "add_user"
    }
  },
  {
    "model": "auth.permission",
    "pk": 46,
    "fields": {
      "name": "Can change user",
      "content_type": 12,
      "codename": "change_user"
    }
  },
  {
    "model": "auth.permission",
    "pk": 47,
    "fields": {
      "name": "Can delete user",
      "content_type": 12,
      "codename": "delete_user"
    }
  },
  {
    "model": "auth.permission",
    "pk": 48,
    "fields": {
      "name": "Can view user",
      "content_type": 12,
      "codename": "view_user"
    }
  },
  {
    "model": "auth.permission",
    "pk": 49,
    "fields": {
      "name": "Can add kitchen profile",
      "content_type": 13,
      "codename": "add_kitchenprofile"
    }
  },
  {
    "model": "auth.permission",
    "pk": 50,
    "fields": {
      "name": "Can change kitchen profile",
      "content_type": 13,
      "codename": "change_kitchenprofile"
    }
  },
  {
    "model": "auth.permission",
    "pk": 51,
    "fields": {
      "name": "Can delete kitchen profile",
      "content_type": 13,
      "codename": "delete_kitchenprofile"
    }
  },
  {
    "model": "auth.permission",
    "pk": 52,
    "fields": {
      "name": "Can view kitchen profile",
      "content_type": 13,
      "codename": "view_kitchenprofile"
    }
  },
  {
    "model": "auth.permission",
    "pk": 53,
    "fields": {
      "name": "Can add kitchen settings",
      "content_type": 14,
      "codename": "add_kitchensettings"
    }
  },
  {
    "model": "auth.permission",
    "pk": 54,
    "fields": {
      "name": "Can change kitchen settings",
      "content_type": 14,
      "codename": "change_kitchensettings"
    }
  },
  {
    "model": "auth.permission",
    "pk": 55,
    "fields": {
      "name": "Can delete kitchen settings",
      "content_type": 14,
      "codename": "delete_kitchensettings"
    }
  },
  {
    "model": "auth.permission",
    "pk": 56,
    "fields": {
      "name": "Can view kitchen settings",
      "content_type": 14,
      "codename": "view_kitchensettings"
    }
  },
  {
    "model": "auth.permission",
    "pk": 57,
    "fields": {
      "name": "Can add offer",
      "content_type": 15,
      "codename": "add_offer"
    }
  },
  {
    "model": "auth.permission",
    "pk": 58,
    "fields": {
      "name": "Can change offer",
      "content_type": 15,
      "codename": "change_offer"
    }
  },
  {
    "model": "auth.permission",
    "pk": 59,
    "fields": {
      "name": "Can delete offer",
      "content_type": 15,
      "codename": "delete_offer"
    }
  },
  {
    "model": "auth.permission",
    "pk": 60,
    "fields": {
      "name": "Can view offer",
      "content_type": 15,
      "codename": "view_offer"
    }
  },
  {
    "model": "auth.permission",
    "pk": 61,
    "fields": {
      "name": "Can add offer extra",
      "content_type": 16,
      "codename": "add_offerextra"
    }
  },
  {
    "model": "auth.permission",
    "pk": 62,
    "fields": {
      "name": "Can change offer extra",
      "content_type": 16,
      "codename": "change_offerextra"
    }
  },
  {
    "model": "auth.permission",
    "pk": 63,
    "fields": {
      "name": "Can delete offer extra",
      "content_type": 16,
      "codename": "delete_offerextra"
    }
  },
  {
    "model": "auth.permission",
    "pk": 64,
    "fields": {
      "name": "Can view offer extra",
      "content_type": 16,
      "codename": "view_offerextra"
    }
  },
  {
    "model": "auth.permission",
    "pk": 65,
    "fields": {
      "name": "Can add order item extra",
      "content_type": 17,
      "codename": "add_orderitemextra"
    }
  },
  {
    "model": "auth.permission",
    "pk": 66,
    "fields": {
      "name": "Can change order item extra",
      "content_type": 17,
      "codename": "change_orderitemextra"
    }
  },
  {
    "model": "auth.permission",
    "pk": 67,
    "fields": {
      "name": "Can delete order item extra",
      "content_type": 17,
      "codename": "delete_orderitemextra"
    }
  },
  {
    "model": "auth.permission",
    "pk": 68,
    "fields": {
      "name": "Can view order item extra",
      "content_type": 17,
      "codename": "view_orderitemextra"
    }
  },
  {
    "model": "auth.permission",
    "pk": 69,
    "fields": {
      "name": "Can add order item option",
      "content_type": 18,
      "codename": "add_orderitemoption"
    }
  },
  {
    "model": "auth.permission",
    "pk": 70,
    "fields": {
      "name": "Can change order item option",
      "content_type": 18,
      "codename": "change_orderitemoption"
    }
  },
  {
    "model": "auth.permission",
    "pk": 71,
    "fields": {
      "name": "Can delete order item option",
      "content_type": 18,
      "codename": "delete_orderitemoption"
    }
  },
  {
    "model": "auth.permission",
    "pk": 72,
    "fields": {
      "name": "Can view order item option",
      "content_type": 18,
      "codename": "view_orderitemoption"
    }
  },
  {
    "model": "auth.permission",
    "pk": 73,
    "fields": {
      "name": "Can add log entry",
      "content_type": 19,
      "codename": "add_logentry"
    }
  },
  {
    "model": "auth.permission",
    "pk": 74,
    "fields": {
      "name": "Can change log entry",
      "content_type": 19,
      "codename": "change_logentry"
    }
  },
  {
    "model": "auth.permission",
    "pk": 75,
    "fields": {
      "name": "Can delete log entry",
      "content_type": 19,
      "codename": "delete_logentry"
    }
  },
  {
    "model": "auth.permission",
    "pk": 76,
    "fields": {
      "name": "Can view log entry",
      "content_type": 19,
      "codename": "view_logentry"
    }
  },
  {
    "model": "auth.permission",
    "pk": 77,
    "fields": {
      "name": "Can add permission",
      "content_type": 20,
      "codename": "add_permission"
    }
  },
  {
    "model": "auth.permission",
    "pk": 78,
    "fields": {
      "name": "Can change permission",
      "content_type": 20,
      "codename": "change_permission"
    }
  },
  {
    "model": "auth.permission",
    "pk": 79,
    "fields": {
      "name": "Can delete permission",
      "content_type": 20,
      "codename": "delete_permission"
    }
  },
  {
    "model": "auth.permission",
    "pk": 80,
    "fields": {
      "name": "Can view permission",
      "content_type": 20,
      "codename": "view_permission"
    }
  },
  {
    "model": "auth.permission",
    "pk": 81,
    "fields": {
      "name": "Can add group",
      "content_type": 21,
      "codename": "add_group"
    }
  },
  {
    "model": "auth.permission",
    "pk": 82,
    "fields": {
      "name": "Can change group",
      "content_type": 21,
      "codename": "change_group"
    }
  },
  {
    "model": "auth.permission",
    "pk": 83,
    "fields": {
      "name": "Can delete group",
      "content_type": 21,
      "codename": "delete_group"
    }
  },
  {
    "model": "auth.permission",
    "pk": 84,
    "fields": {
      "name": "Can view group",
      "content_type": 21,
      "codename": "view_group"
    }
  },
  {
    "model": "auth.permission",
    "pk": 85,
    "fields": {
      "name": "Can add content type",
      "content_type": 22,
      "codename": "add_contenttype"
    }
  },
  {
    "model": "auth.permission",
    "pk": 86,
    "fields": {
      "name": "Can change content type",
      "content_type": 22,
      "codename": "change_contenttype"
    }
  },
  {
    "model": "auth.permission",
    "pk": 87,
    "fields": {
      "name": "Can delete content type",
      "content_type": 22,
      "codename": "delete_contenttype"
    }
  },
  {
    "model": "auth.permission",
    "pk": 88,
    "fields": {
      "name": "Can view content type",
      "content_type": 22,
      "codename": "view_contenttype"
    }
  },
  {
    "model": "auth.permission",
    "pk": 89,
    "fields": {
      "name": "Can add session",
      "content_type": 23,
      "codename": "add_session"
    }
  },
  {
    "model": "auth.permission",
    "pk": 90,
    "fields": {
      "name": "Can change session",
      "content_type": 23,
      "codename": "change_session"
    }
  },
  {
    "model": "auth.permission",
    "pk": 91,
    "fields": {
      "name": "Can delete session",
      "content_type": 23,
      "codename": "delete_session"
    }
  },
  {
    "model": "auth.permission",
    "pk": 92,
    "fields": {
      "name": "Can view session",
      "content_type": 23,
      "codename": "view_session"
    }
  },
  {
    "model": "auth.permission",
    "pk": 93,
    "fields": {
      "name": "Can add site",
      "content_type": 24,
      "codename": "add_site"
    }
  },
  {
    "model": "auth.permission",
    "pk": 94,
    "fields": {
      "name": "Can change site",
      "content_type": 24,
      "codename": "change_site"
    }
  },
  {
    "model": "auth.permission",
    "pk": 95,
    "fields": {
      "name": "Can delete site",
      "content_type": 24,
      "codename": "delete_site"
    }
  },
  {
    "model": "auth.permission",
    "pk": 96,
    "fields": {
      "name": "Can view site",
      "content_type": 24,
      "codename": "view_site"
    }
  },
  {
    "model": "auth.permission",
    "pk": 97,
    "fields": {
      "name": "Can add Token",
      "content_type": 25,
      "codename": "add_token"
    }
  },
  {
    "model": "auth.permission",
    "pk": 98,
    "fields": {
      "name": "Can change Token",
      "content_type": 25,
      "codename": "change_token"
    }
  },
  {
    "model": "auth.permission",
    "pk": 99,
    "fields": {
      "name": "Can delete Token",
      "content_type": 25,
      "codename": "delete_token"
    }
  },
  {
    "model": "auth.permission",
    "pk": 100,
    "fields": {
      "name": "Can view Token",
      "content_type": 25,
      "codename": "view_token"
    }
  },
  {
    "model": "auth.permission",
    "pk": 101,
    "fields": {
      "name": "Can add email address",
      "content_type": 26,
      "codename": "add_emailaddress"
    }
  },
  {
    "model": "auth.permission",
    "pk": 102,
    "fields": {
      "name": "Can change email address",
      "content_type": 26,
      "codename": "change_emailaddress"
    }
  },
  {
    "model": "auth.permission",
    "pk": 103,
    "fields": {
      "name": "Can delete email address",
      "content_type": 26,
      "codename": "delete_emailaddress"
    }
  },
  {
    "model": "auth.permission",
    "pk": 104,
    "fields": {
      "name": "Can view email address",
      "content_type": 26,
      "codename": "view_emailaddress"
    }
  },
  {
    "model": "auth.permission",
    "pk": 105,
    "fields": {
      "name": "Can add email confirmation",
      "content_type": 27,
      "codename": "add_emailconfirmation"
    }
  },
  {
    "model": "auth.permission",
    "pk": 106,
    "fields": {
      "name": "Can change email confirmation",
      "content_type": 27,
      "codename": "change_emailconfirmation"
    }
  },
  {
    "model": "auth.permission",
    "pk": 107,
    "fields": {
      "name": "Can delete email confirmation",
      "content_type": 27,
      "codename": "delete_emailconfirmation"
    }
  },
  {
    "model": "auth.permission",
    "pk": 108,
    "fields": {
      "name": "Can view email confirmation",
      "content_type": 27,
      "codename": "view_emailconfirmation"
    }
  },
  {
    "model": "auth.permission",
    "pk": 109,
    "fields": {
      "name": "Can add social account",
      "content_type": 28,
      "codename": "add_socialaccount"
    }
  },
  {
    "model": "auth.permission",
    "pk": 110,
    "fields": {
      "name": "Can change social account",
      "content_type": 28,
      "codename": "change_socialaccount"
    }
  },
  {
    "model": "auth.permission",
    "pk": 111,
    "fields": {
      "name": "Can delete social account",
      "content_type": 28,
      "codename": "delete_socialaccount"
    }
  },
  {
    "model": "auth.permission",
    "pk": 112,
    "fields": {
      "name": "Can view social account",
      "content_type": 28,
      "codename": "view_socialaccount"
    }
  },
  {
    "model": "auth.permission",
    "pk": 113,
    "fields": {
      "name": "Can add social application",
      "content_type": 29,
      "codename": "add_socialapp"
    }
  },
  {
    "model": "auth.permission",
    "pk": 114,
    "fields": {
      "name": "Can change social application",
      "content_type": 29,
      "codename": "change_socialapp"
    }
  },
  {
    "model": "auth.permission",
    "pk": 115,
    "fields": {
      "name": "Can delete social application",
      "content_type": 29,
      "codename": "delete_socialapp"
    }
  },
  {
    "model": "auth.permission",
    "pk": 116,
    "fields": {
      "name": "Can view social application",
      "content_type": 29,
      "codename": "view_socialapp"
    }
  },
  {
    "model": "auth.permission",
    "pk": 117,
    "fields": {
      "name": "Can add social application token",
      "content_type": 30,
      "codename": "add_socialtoken"
    }
  },
  {
    "model": "auth.permission",
    "pk": 118,
    "fields": {
      "name": "Can change social application token",
      "content_type": 30,
      "codename": "change_socialtoken"
    }
  },
  {
    "model": "auth.permission",
    "pk": 119,
    "fields": {
      "name": "Can delete social application token",
      "content_type": 30,
      "codename": "delete_socialtoken"
    }
  },
  {
    "model": "auth.permission",
    "pk": 120,
    "fields": {
      "name": "Can view social application token",
      "content_type": 30,
      "codename": "view_socialtoken"
    }
  },
  {
    "model": "admin.logentry",
    "pk": 1,
    "fields": {
      "action_time": "2019-01-06T02:14:01.982Z",
      "user": "cooleric11@gmail.com",
      "content_type": 11,
      "object_id": "great",
      "object_repr": "great",
      "action_flag": 1,
      "change_message": "[{\"added\": {}}]"
    }
  },
  {
    "model": "admin.logentry",
    "pk": 2,
    "fields": {
      "action_time": "2019-01-06T02:44:40.909Z",
      "user": "cooleric11@gmail.com",
      "content_type": 9,
      "object_id": "1",
      "object_repr": "Order(id=1, from=565 eglinton west, 103, toronto, ON, M5N1B5, canada, to=3 navy wharf court, 2007, toronto, ON, m5v3v1, canada)",
      "action_flag": 1,
      "change_message": "[{\"added\": {}}]"
    }
  },
  {
    "model": "admin.logentry",
    "pk": 3,
    "fields": {
      "action_time": "2019-01-06T02:54:46.488Z",
      "user": "cooleric11@gmail.com",
      "content_type": 10,
      "object_id": "1",
      "object_repr": "OrderItem object (1)",
      "action_flag": 1,
      "change_message": "[{\"added\": {}}]"
    }
  },
  {
    "model": "admin.logentry",
    "pk": 4,
    "fields": {
      "action_time": "2019-01-06T09:02:33.141Z",
      "user": "cooleric11@gmail.com",
      "content_type": 9,
      "object_id": "2",
      "object_repr": "Order(id=2, from=565 eglinton west, 103, toronto, ON, M5N1B5, canada, to=3 navy wharf court, 2007, toronto, ON, m5v3v1, canada)",
      "action_flag": 1,
      "change_message": "[{\"added\": {}}]"
    }
  },
  {
    "model": "admin.logentry",
    "pk": 5,
    "fields": {
      "action_time": "2019-01-06T09:03:09.965Z",
      "user": "cooleric11@gmail.com",
      "content_type": 10,
      "object_id": "2",
      "object_repr": "OrderItem object (2)",
      "action_flag": 1,
      "change_message": "[{\"added\": {}}]"
    }
  },
  {
    "model": "admin.logentry",
    "pk": 6,
    "fields": {
      "action_time": "2019-01-06T09:57:48.335Z",
      "user": "cooleric11@gmail.com",
      "content_type": 10,
      "object_id": "3",
      "object_repr": "OrderItem object (3)",
      "action_flag": 1,
      "change_message": "[{\"added\": {}}]"
    }
  },
  {
    "model": "UmamiCore.kitchen",
    "pk": 1,
    "fields": {
      "chef": "seb@hotmail.com",
      "date_joined": "2019-01-06T02:07:19.663Z"
    }
  },
  {
    "model": "UmamiCore.kitchen",
    "pk": 2,
    "fields": {
      "chef": "rl@hotmail.com",
      "date_joined": "2019-01-06T02:07:19.669Z"
    }
  },
  {
    "model": "UmamiCore.kitchen",
    "pk": 3,
    "fields": {
      "chef": "cooleric@hotmail.com",
      "date_joined": "2019-01-06T02:07:19.672Z"
    }
  },
  {
    "model": "UmamiCore.kitchen",
    "pk": 4,
    "fields": {
      "chef": "lt@gmail.com",
      "date_joined": "2019-01-06T02:07:19.675Z"
    }
  }
]